Case Manager,Facility Name,EA Number,NOV Date,Calculated Days Pending,Board Name,Program Name,Registration Number,Permit Number,NOV Number,Action Code,Status Code,Comments,NOV Date,RegionG Booth,,,,,,,,,,,,,,G Booth,,20,,,,,,,,,,,,G Booth,"C.C. Powell & Sons, Inc.",BR13-0923,7/2/2013,3145,Water,UST,7007798,,NOV-13-06-BRRO-004,IFF/1186 Order,Pending APA,"***** Last Updated 8/6/21 *****
08/06/21 - Need to follow - up w/ Nelson to check status of RDs review & approval of RAPAA
04/23/21 - Notified Nelson RAPAA saved to ""T"" drive awaiting RO review & comment
03/10/21 - Edit docs to include corporate entity & submit for RO approval 
12/02/20 - Transferred data from DOE Referral to RAPAA & saved to ""T"" drive for review
11/19/20 - Nelson discussed case w/ Carla/DOE - requested drafting RAPAA for DOE submission
10/28/20 - Reviewed current status w/ Nelson - waiting on review & comments
8/14/20 - Drafted DOE Referral Form - emailed to Nelson for review & RO signatures
4/01/20 - Emailed Carla/DOE re requirements for 1186 referral
3/31/20 - Emailed Renee/CO re inclusion in Tank Removal Program
3/31/20 - Discussed case w/ Lee/DOE
3/27/20 - Called RP for update @ 1623 - buzy signal again - bad number - contact Town of Victoria for info
03/25/20 - Called RP for update - 1325, 1331 and 1344 - line buzy on all attempts.
03/25/20 - Emailed Mike Kelly/PRO to check for update - no activity reported 
02/08/18 - Contacted RP to schedule site visit for 2/14/18 @ 1300
02/14/18 - Met w/ RP at facility to discuss corrective action. Tank #2 Vertical AST 15,000 gal. contains 9"" #2 fuel oil; tank #3 2,000 gal. UST contains 10"" gasoline; tank #4 1,000 ga. UST contains 6"" off-road diesel. Plans to pump out #2 AST into roll-off for storage. 
7/2/13 - RECEIVED REFERRAL FROM COMPLIANCE w/ ISSUANCE OF NOV NOV-13-06-BRRO-004 
C. C. POWELL & SONS, INC. NO LONGER VIABLE ENTITY W/ SCC - NO RESPONSE REC'D FROM RP
11/21/13 - ISSUED NO RESPONSE FOLLOW-UP LETTER TO RP - NO RESPONSE REC'D FROM RP
12/19/17 - ERP/CIVIL CHARGE WORKSHEET/DRAFT OBC SENT TO DOE FOR REVIEW & COMMENT
1/25/18 - NOTIFIED BY PHONE CALL FROM KEVIN JONES/PRO THAT ONLY ONE TANK AT FACILITY CONTAINS PRODUCT (HEATING OIL)
ILITY INSPECTION CONDUCTED - TANKS w/ >1"" OF PRODUCT NEED TO BE EMPTIED TO QUALIFY FOR TEMP CLOSURE STATUS",7/2/2013,BRROG Booth,K&L Pitstop,BR15-0420,4/6/2015,2502,Water,UST,2013880,,NOV-15-03-BRRO-006,IFF/1186 Order,Pending APA,"***** Last Updated 8/13/21 *****
8/13/21 - Check w/ Lee/DOE to verify CCW analysis required
4/12/21 - RAPAA approved by RO
3/31/21 - Awaiting RO review & approvals for submission to DOE
12/02/20 - Drafted RAPAA for submission to DOE
11/17/20 - Document signed by RD 11/17/20 - Nelson to discuss w/ Carla/CO
11/13/20 - Document awaiting RD review & signature
8/20/20 - Drafted DOE Referral - requested review & comment from Nelson
8/19/20 - Drafting ERP/CCW/OBC for referral to DOE
4/08/20 - Rec'd Hearing Waiver from Kimberly Michelle Easter
4/02/20 - Proofing OBC
4/01/20 - Josiah/OFA responded to email on FA - N/A on facility
4/01/20 - Emailed Josiah/OFA for current FA status for facility
4/01/20 - Drafting OBC
3/31/20 - Emailed Carla/DOE to check on ERP - N/A
3/31/20 - Continued to work on draft OBC
3/26/20 - Began formatting OBC for Bobby Easter Estate
3/26/20 - Drafted QCSO to Bobby Easter Estate - saved to ""T"" drive - emailed Nelson requesting R&C
3/26/20 - Rec'd reply from Mike - he will inform Mr. Graham, who represents Melissa-Easter-Calfee of the deadline
3/26/20 - Emailed Mike Whitlow/Whitlow & Youell, PLC requesting update within 2 weeks
3/17/20 - Emailed Mike Whitlow DP Hearing Waiver forms to forward to Melissa & Kimberly 
10/04/19 - Updated DP docs and emailed to Carla & Renee for review & comment.
CP & FAILURE TO SECURE FILL PORTS - RECON INSPECTION PERFORMED 5/5/15 - FACILITY CLOSED - RP DECEASED 8/2017 - TANKS ARE EMPTY - TO BE EXCAVATED OR FILLED-IN; WORKING w/ COMPLIANCE TO ISSUE RCA/LOA ON 1/24/18.
3/09/18 - WORKED ON ERP/DRAFT LOA
3/14/18 - EMAILED ERP/DRAFT LOA TO LEE/DOE FOR REVIEW & COMMENT
3/15/18 - REC'D CONCURRENCE FROM LEE ON ERP/LOA VIA EMAIL
3/16/18 - EMAILED ERP/LOA TO NELSON FOR REVIEW & PROCESSING
4/25/18 - ATTEMPTED TO CONTACT RP BY PHONE - TRIED 2 CONTACT NUMBERS - REC'D AUTOMATED ""MAILBOX FULL"" MESSAGES",4/6/2015,BRROG Booth,Ducks Corner,BR16-0917,9/7/2016,1982,Water,UST,7016493,,TBRRO169356,IFF/1186 Order,Pending APA,"***** Last Updated 7/21/21 *****
7/21/21 - Drafting Case Summary to accompany RAPAA referral to DOE
6/11/21 - Returned Mr. Trekas call - he owns tanks - Brett Worthington is current operator
5/12/21 - Received notice that Mike Kelly/PRO scheduled inspection for 11/17 - holding on EA until inspection report is issued
10/28/20 - Drafting CCW and analysis for QCSO
4/01/20 - Completed draft QCSO - saved to ""T"" drive - emailed Nelson for R&C
3/31/20 - DraftinDrafting QCSO/CCW/Analysis & case Summary 
2/10/21 - Nelson discussed case w/ Tiffany - proceeding with ERP/QCSO 
12/02/20 - Reviewed facility inspection report - compliance issues ongoing
11/06/20 - Recg QCSO for violations
RD, ATG, LTT, Training and  EP deficiencies 
DOCUMENTATION REC'D FROM RP ON 9/22/16.
FOLLOW-UP CONDUCTED 11/08/17 -",9/7/2016,BRROG Booth,"Route 58 Raceway, Inc.",BR16-1104,10/28/2016,1931,Water,UST,7040286,,TBRRO172676,IFF/1186 Order,Pending APA,"***** Last Updated 7/21/21 *****
7/21/21 - Drafting CCW/Analysis/Case Summary to accompany RAPAA referral to DOE
4/29/21 - RAPAA approved by RO
4/21/21 - RP has not forwarded records requested on 4/8 - proceeding w/ referral to DOE
4/8/21 - Called & spoke w/ Mr. Singh - will email all records by 4/9/21
4/7/21 - Edited RAPAA & saved to T drive for RO review & approval
3/23/21 - Rec'd response to QCSO from RP via voicemail
3/10/21 - Updated compliance schedule & forwarded to Beth for mailing
2/10/21 - Waiting for RO review & comment
1/20/21 - Searched SCC CIS database for corporate entity info - drafted QCSO & updated previous draft for compliance schedule - requested review from Nelson
1/20/21 - Conference call w/ DOE & Nelson - send proposed QCSO to corporate entity
11/17/20 - Document signed by RD 11/17/20 - Nelson to discuss w/ Carla/CO
11/13/20 - Document awaiting RD review & signature
10/23/20 - Transferred data from previous DOE referral to RAPAA per Nelson's request - saved doc to ""T"" drive for review & comment
10/20/20 - Follow-up w/ Nelson - transferring case info to APA Request for CO
9/16/20 - Emailed QCSO, CCA & referral NOV for transferring info from DOE Referral Form to Request for APA Action
9/10/20 - Rec'd email from Beth advising no response or RTS from USPS received to-date on QCSO mailed 7/30/20
9/09/20 - Waiting for referral review & processing
8/19/20 - Drafted DOE Referral - requested review & comment from Nelson
8/11/20 - Followed up w/ Beth - no response received from RP within 10 days  
7/30/20 - Completed QCSO - drafted transmittal letter & mailed out to RP
5/12/20 - QCSO reviewed and approved for issuing to RP
5/06/20 - Document under management review
4/02/20 - Completed draft QCSO - saved to ""T"" drive  - emailed Nelson requesting R&C
4/01/20 - Drafting QCSO
ATG, LLD (FUNCTIONALITY AND LINE) DEFICIENCIES.
FOLLOW-UP w/ RP VIA PHONE CALL ON 10/25/17 - REPORTEDLY DIDN'T RECEIVE NOV ISSUED 10/28/16.",10/28/2016,BRROG Booth,Pure Gas Station,BR17-0309,3/13/2017,1795,Water,UST,2002361,,TBRRO182216,IFF/1186 Order,Pending APA,"***** Last Update 8/13/21 *****
8/13/21 - Check w/ Lee/DOE to verify CCW Analysis required for case
4/12/21 - RAPAA approved by RO
4/7/21 - QCSO mailed to Sunny Shah RTS; no contact rec'd from RA
4/7/21 - Edited RAPAA & saved to T drive for RO review & comment
3/10/21 - Updated QCSO compliance schedule & forwarded to Beth for mailing
2/10/21 - Waiting for RO review & comment
1/21/21 - Searched SCC CIS database for corporate entity info - drafted QCSO & updated previous draft for compliance schedule - requested review from Nelson  
1/20/21 - Conference call w/ DOE & Nelson - send proposed QCSO to corporate entity
11/17/20 - Document signed by RD 11/17/20 - Nelson to discuss w/ Carla/CO
11/13/20 - Document awaiting RD review & signature
10/23/20 - Transferred data from previous DOE referral to RAPAA per Nelson's request - saved doc to ""T"" drive for review & comment
10/21/20 - Follow-up w/ Nelson - transferring case info to APA Request for CO
9/16/20 - Emailed QCSO, CCA & referral NOV for transferring info from DOE Referral Form to Request for APA Action
9/15/20 - Rec'd recon update from Tim Petrie - facility closed - property for sale
9/09/20 - Waiting on referral review & processing
8/19/20 - Drafted DOE Referral - requested review & comment from Nelson
8/11/20 - Received notification from Beth of undeliverable mail to RP
7/22/20 - Drafted transmittal letter - mailed 7/23/20 - deadline 8/3/20
7/21/20 - Discussed QCSO, CCW & Analysis w/Lee/DOE - rec'd concurrence
7/16/20 - Completed revisions for draft QCSO & Analysis & requested add'l R&C from Lee/DOE
7/8/20 - Working on edits for CCW/Analysis
6/25/20 - Rec'd comments back on CCW & Analysis from Lee/DOE
5/27/20 - Drafting CCW and civil charge analysis per guidance
5/12/20 - QCSO approved for transmittal to RP
5/06/20 - Document awaiting management review
4/10/20 - Completed QCSO - saved to ""T"" drive - emailed Nelson to request R&C
4/09/20 - Drafting QCSO 
3/6/20 - Site visit to contact RP - not on site",3/13/2017,BRROG Booth,Old Alexander General Store,BR17-0930,9/26/2017,1598,Water,UST,7002249,,TBRRO195857,IFF/1186 Order,Pending APA,"***** Last Updated 7/2121 *****
7/21/21 - Drafting QCSO/CCW/Analysis/Case Summary to accompany RAPAA for DOE referral 
4/08/20 - Called Lee/DOE - OK for referral to DOE/IFF/Carla - injunctive relief remove tanks/property lien
Former facility burned down - fiberglass tanks contain > 1"" of water/product - RP responded to NOV via voicemail/email 9/28/17 - called back 9/29/17 - claims ITP; has spoken w/ OFA. Working with Josiah on ATP for pumping out product and placing tanks into temp closure.",9/26/2017,BRROG Booth,"Long Island Motor Sales, LLC",BR18-0520,4/16/2018,1396,Water,VPDES,,VAR051966,W2018-04-B-0003,Consent Order,Pending Consent,"***** Last Updated 6/9/21 *****
7/22/21 - Drafting ERP/CCW/OBC
7/22/20 - Followed up w/ compliance to check on DMR submittal due 7/10/20
1/10/20 - Drafted transmittal letter w/ blank DMR
4/19/18 - BRIAN BELL RESPONDED TO NOV ISSUED 4/16/18 VIA VOICEMAIL
4/20/18 - CALLED BRIAN BELL TO DISCUSS MISSING DMR AND CORRECTIVE ACTION MOVING FORWARD
8/30/18 - Returned Brian Bell's voicemail re NOV",4/16/2018,BRROG Booth,Main Street Amaco,BR18-0529,5/9/2018,1373,Water,UST,2037326,,TBRRO204816,Consent Order,Pending Consent,"***** Last Updated 8/21/21 *****
7/17/21 - Need to draft QCSO/CCW & Analysis
5/11/21 - Discussed case w/ Mary Beth 
4/14/21 - Facility inspection conducted by Mary Beth 
3/12/20 - Emailed Mary Beth re current compliance status - last submittal 10/16/19
10/17/19 - Rec'd email update from Mary Beth re compliance status 
10/16/19 - Ms. Tosh responded to NOV via email to Julie Johnson 
10/07/19 - Compliance issued additional NOV based on site inspection 8/5/19
9/24/18 - Received fax from Ms. Tosh with test documentation.
9/10/18 - Received fax from Ms. Tosh for Operator Training 2018.
9/07/18 - Received voicemail update from Ms. Tosh - she is faxing in operator training documentation for her and her son to BRRO.
8/29/18 - Met w/ RP @ facility - reportedly performed CP & functionality testing 6/17 - requested Ms. Tosh send documentation to Lorrie Smith/BRRO for review.",5/9/2018,BRROG Booth,Rocky Mount Oil Company,BR18-0530,5/9/2018,1373,Water,UST,2008559,,TBRRO204858,Consent Order,Pending Consent,"***** Last updated 8/17/21 *****
8/17/21 - Need to draft QCSO/CCW & Analysis
3/12/20 - Emailed Mary Beth for current compliance status - no submittals since 10/16/19
8/29/18 - met w/ RP @ facility - reportedly performed CP & functionality testing 6/17 - requested Ms. Tosh send documentation to Lorrie Smith/BRRO for review.",5/9/2018,BRROG Booth,"Southside Concrete Supply, LLC",BR19-0119,11/27/2018,1171,Air,Air,21606,,ABRRO001048,Consent Order,Pending Consent,"***** Last Updated 8/17/21 *****
8/17/21 - Need to draft ERP/CCW/OBC
2/4/20    -  Met w/ Karen Carlson at Southside Concret facility in Blairs - discussed violations, Order & civil charge
1/31/31  -  Rec'd call from Kenen Carlson responding to NOV - scheduled on-site meeting for 2/4/20 
1/11/19   - Discussed case w/ Margaret - contact James re recon status
12/17/18 - Rec'd NOV response letter from RP
11/27/18 - Rec'd referral from compliance",11/27/2018,BRROG Booth,John Dalton Store,BR19-0203,1/15/2019,1122,Water,UST,7003323,,TBRRO222696,IFF/1186 Order,Pending APA,"***** Last Updated 8/17/21 *****
8/17/21 - Need to draft QCSO/CCW/Analysis/Case Summary to accompany RAPAA for DOE referral 
4/08/20 - Called Lee/DOE - OK for referral to DOE/IFF/Carla - injunctive relief remove tanks/property lien",1/15/2019,BRROG Booth,Croy Car Sales,BR19-0907,8/28/2019,897,Waste,Solid Waste,,,NOV-19-08-BRRO-001,Consent Order,Pending Consent,"***** Last Updated 8/12/21 *****
8/12/21 - Continue attempts to contact Mr. Croy to determine current compliance status/progress on removal of waste tires
10/11/19 - Recon site inspection conducted on 10/10/19 - met w/ Brian Bean - Mr. Croy not on site - 2 loads of waste tires have been hauled away.
10/04/19 - Scheduled recon inspection for 10/10/19.
9/06/19 - Setup enforcement case in CEDS
8/28/19 - Compliance issued NOV for violation
5/22/19 - Compliance staff conducted site inspection at facility",8/28/2019,BRROG Booth,"Ellington Wood Products, Inc.",BR19-1020,10/22/2019,842,Water,VPDES,,VAR050411,W2019-09-B-0002,Consent Order,Pending Consent,"***** Last Updated 8/27/21 *****
8/27/21 - Follow-up w/ Cathy re status of SWP3 submittal
6/25/20 - Rec'd GP Permit fee 6/25/20; compliance requires updated SWP3
6/10/20 - Called Laura Vassar to discuss registration renewal - reportedly emailed renewal to Mark Coppage 1/27/20 - emailed Mark to follow-up
01/15/20 - Called Laura Vassar re NOV issued 12/5/19 - will pull info together - follow-up 1-2 weeks
10/22/19 - Rec'd referral from Compliance w/ issuance of NOV W2019-09-B-0002 - Permit expired 6/30/18; no submittal of S/A DMR for 1/1 -6/30/19; no submittal of eDMR registration or waiver.",10/22/2019,BRROG Booth,Badeaux's Cajun Kitchen,BR20-0315,3/17/2020,695,Water,VPDES,,VAG407299,W2020-03-B-0001,Informal RTC,Pending,"***** Last Updated 8/27/21 *****
8/27/21 - Follow-up w/ Sam & Cathy re current compliance status
1/14/21 - Rec'd email from Lynn/BRRO re registration statement from Brandi - Lynn will update CEDS 
1/13/21 - Rec'd call from Brandi Badeaux re plans to re-open at former site - gave contact info for Cathy/BRRO
9/16/20 - Per email from CDK on 9/9, RP is in compliance w/ DMRs; sampling not performed
9/03/20 - Rec'd letter from RP regarding maintenance & DMR for 9/1/19 - 8/31/20 
8/28/20 - Rec'd call from Brandi Badeaux regarding resuming ops - will probably registering a different LLC - requested she submit ""no discharge"" DMRs
6/3/20   - Emailed request for continued ""no discharge"" DMR to aviod NOVs
5/27/20 - Contact RP to request DMR submission if planning to re-open facility at a later date
4/29/20 -  Contacted Kevin & Lynn - facility may re-open - contact to request no-sampling/analysis DMR until ops resume
4/22/20 - Document scheduled for submittal to DOE for review and administrative dereferral
3/27/20 - Drafted Administrative Dereferral Memo to address facility closure & saved to ""T"" drive - emailed Nelson request for document  review & comment
3/26/20 - Rec'd call from RP - facility closed in January 2020 - draft dereferral memo
3/17/2020 - Rec'd referral from compliance - failure to submit DMR",3/17/2020,BRROG Booth,Liberty Street Market,BR20-0505,5/6/2020,645,Water,UST,,,TBRRO268416,Consent Order,Pending Consent,"***** Last Updated 8/27/21 *****
8/27/21 - Unresponsive RP - need to draft QCSO/CCW/Analysis
5/13/20 - Site inspection 9/5/19 - AFT, CP, LTT, RD and records deficiencies",5/6/2020,BRROG Booth,BFI Roanoke Valley Materials Recycling Facility,BR20-0912,9/24/2020,504,Waste,Solid Waste,PBR 105,,NOV-20-09-BRRO-001,Informal RTC,Pending,"***** Last Updated 8/27/21 *****
8/27/21 - Current issues resolved - waiting on next inspection observations to confirm RTC
5/25/21 - Facility compliance inspection conducted by BSC - no additional issues observed - facility in compliance
2/24/21 - Called Mr. Baker for compliance update - issues unresolved - gave heads-up that Order would be issued
1/06/21 - Rec'd copy of Inspection report from 11/17/20 - same issues identified without corrective action
11/18/20 - Received forwarded response from RP to NOV issued 9/24/20 - emailed Bobbie to determine if action items can be accomplished by 12/23/20
10/21/20 - Rec'd response to NOV
9/25/20 - Entered enforcement case in CEDS - response deadline 10/25/20
9/24/20 - NOV issued by SW Compliance to address violations discovered during facility inspection
7/28/20 - Facility inspection conducted by BSC/BRRO w/ VSWMR & SWCL violations observed",9/24/2020,BRROG Booth,"Steel Dynamics, Inc. – Roanoke Bar Division",BR20-1207,12/10/2020,427,Water,VPDES,,VA0001589,W2020-11-B-0001,Consent Order,Pending Consent,"***** Last Updated 8/12/21 *****
8/12/21 - Waiting on RO review & approval
7/20/21 - Drafted dereferral memo
7/19/21 - Rec'd reply from Kristen re compliance status - SNC for 1 qtr. - informal RTC = derefer
7/16/21 - Emailed add'l info rec'd from Tom Stinson to Kristen/DOE for review
7/15/21 - Requested expanded explanation of violations from Tom Stinson
6/09/21 - Request additional documentation from RP re sample artifact & monitoring results
2/10/21 - Discuss w/ Nelson during next enforcement call
1/05/21 - Rec'd voicemail response from Ton Stinson/RES in response to NOV
12/10/20 - NOV No. W2020-1 l-B-0001 issued as enforcement referral from compliance
NOV issued for accumulated points: 
2/1/ 20 -  7/31/20 Outfall #001 TSS Max 
7/1 - 7/31/2020 - Outfall #005 Cu Avg. 106 ug/l reported 76.1 limit 
  ""          ""           -       ""        ""     ""   Max  190   ""         ""         ""       ""
2/1 - 7/31/20  - Outfall #007 TSS Max 344 mg/l    ""       100 mg/l limit
8/1 - 8/31/20  - Outfall #005 (RMRS) Cu Max violation  200 ug/l reported 76.1 ug/l limit",12/10/2020,BRROG Booth,Cloyd's Mountain Landfill,BR21-0110,1/21/2021,385,Waste,Solid Waste,,SWP 229,20-11-BRRO-004,Consent Order,Pending Consent,"***** Last Updated 8/27/21 *****
8/271/21 - Nikki to propose teleconference w/ consultants ongoing closure issues
6/09/21 - Drafting ERP/CCW/OBC
5/28/21 - Compliance issued additional NOV based on 3/12/21 facility inspection
3/18/21 - Discussed inspection findings conducted 3/12/21 w/ Nikki - add'l issues identified
3/12/21 - Facility inspection conducted by compliance staff
2/19/21 - Emailed Nikki/BRRO for compliance status update
02/10/21 - NOV response due by 2/19
01/22/21 - Created enforcement record in CEDS
01/21/21 - Rec'd referral from compliance",1/21/2021,BRROG Booth,"Hardide Coatings, Inc.",BR21-0405,3/18/2021,329,Waste,Hazardous Waste,VAR000531467,,NOV-21-03-BRRO-001,Consent Order,Pending Consent,"*****Last Updated 8/27/21*****
8/27/21 - Reviewed submission from facility - episodic generation issue remains - will need OBC w/ CC
6/09/21 - Drafting ERP/CCW/OBC
4/8/21 - Created enforcement case in CEDS
3/26/21 - Returned Barry Farmer's call re response to NOV
3/18/21 - NOV-21-03-BRRO-001 issued & referral to enforcement
1/25/21 - LP&R conducted conduct a desk-top, audit style review of the Facility’s hazardous
waste management practices in lieu of an on-site inspection. A request for information (RFI) on the
Facility’s current waste management practices was included with the notification.",3/18/2021,BRROG Booth,"Eastern Panel Manufacturing, Inc.",BR21-0406,4/1/2021,315,Air,Air,21647,,ABRRO001770,Consent Order,Pending Consent,"*****Last Update 8/27/21*****
8/27/21 - Follow-up w/ Margaret & Kerri re informal resolution based on corrective action submitted
4/13/21 - Rec'd email from Keith VanAshe describing corrective action performed
4/12/21 - Rec'd voicemail from Keith VanAsch in response to NOV issued 4/1/21
4/8/21 - Created enforcement case in CEDS
4/1/21 - NOV No. ABRRO001770 issued
3/11/21 - Compliance conducted FCE w/ site visit",4/1/2021,BRROJ Ford,,,,,,,,,,,,,,J Ford,,15,,,,,,,,,,,,J Ford,Parcel ID 2329-66-3326,BR19-0648,6/21/2019,965,Waste,Solid Waste,,,NOV-19-06-BRRO-003,Consent Order,Pending Consent,"04/27/21- Status check on LP&R compliance site visit; not completed; requested site visit ASAPractical.
10/27/20 -Status check on LP&R compliance site visit; not completed; requested site visit in November.
09/23/2020-LP&R compliance staff will schedule site visit in October.
09/21/2020 - Requested LP&R compliance staff to conduct site visit to ascertain the status of the clean-up prior to my next conversation with the RP.
09/01/2020 - Status update by contacting recycling company.
07/20/2020-EM company contact to restablish negotiation process.
05/05/2020 - CC w/company to discuss Order; transmitted civil charge explanation document. J. Giles - 434/826-0659
05/01/2020 - VM message from company official re:  Draft Order.
04/29/2020- Draft Order to RP; reponse deadline extended beyond 06/10/2020 (EO51)
04/27/2020 - ERP & Order approved by rgl mgmt.
04/21/2020 - ERP & Order to rgl mgmt for approval.
02/21/2020 - ERP approved by DE staff.
02/11/20-ERP to DE staff for concurrence.
06/27/19-RP contacted DEQ to discuss NOV.  Mobile # 434/429-6964; he will work the next 30 days to recycle the scrap metal; look about recycling the bricks and otherwise manage the solid waste.  No more open burning.",6/21/2019,BRROJ Ford,Moore's Electrical & Mechanical Inc.,BR20-0117,1/15/2020,757,Waste,Hazardous Waste,VAR000535609,,NOV-20-01-BRRO-001,Consent Order,Pending Consent,"02/03/22 - Order w/SEP to RP to finalize.
01/19/22 - Order w/SEP to rgl mgmt.
01/19/22 - DE staff approval of Order w/SEP.
01/18/22 - Revised Order w/SEP to DE staff.
01/18/22 - SEP approval.
01/06/22 - SEP to DE staff.
08/16/21 - ERP addendum submitted to rgl mgmt for approval.
08/16/21 - ERP addendum reviewed by DE staff.
08/13/21 - ERP addendum submitted to DE staff to reclassify two violations and civil penalty calculation.
07/16/21 - DRAFT Order to RP; request response NLT Friday, June 30, 2021.
07/12/21 - Rgl mgmt review complete.
06/24/21 - ERP & Order to rgl mgmt for review.
06/16/21- DRAFT Order review complete by DE staff.
06/09/21 - DRAFT Order to DE staff for review.
05/03/21- DE staff concurrence.
04/30/21 - REVISED ERP to DE staff for review.
04/29/21 - DE staff comments received.
04/16/21 - DRAFT ERP to DE staff for review.",1/15/2020,BRROJ Ford,Eagle Eyrie Baptist Conference Center Sewage Treat,BR20-0503,5/7/2020,644,Water,VPDES,,VA0027553,W2020-03-B-0004,Consent Order,Pending Consent,"02/03/22 - ORDER to RP for review.
01/24/22 - ORDER to rgl mgmt.
01/21/22 - DE staff review complete.
01/18/22 - ORDER to DE staff.
12/09/21 - ERP approved by rgl mgmt.
11/22/21 - Revised ERP to rgl mgmt.
11/12/21 - DE staff concurrence.
11/08/21 - ERP to DE staff for review.
05/14/20 - CC w/RP regarding NOV; RP contacting compliance staff to discuss technical ideas to improve STP performance.
05/13/20-VM from RP",5/7/2020,BRROJ Ford,WVWA - WPCP,BR20-1013,10/21/2020,477,Water,VPDES,,VA0025020,W2020-09-B-0002,Consent Order,Pending Consent,,10/21/2020,BRROJ Ford,Aquatic Company - South Boston,BR20-1107,11/10/2020,457,Waste,Hazardous Waste,VAD139297881,,NOV-20-11-BRRO-002,Consent Order,Pending Consent,11/25/20 - RP responded to NOV; disputing several of the violations.  Responded and acknowledged submittal; will review and discuss w/compliance staff; let RP know that this case will not be on my workload until late Dec/early January.,11/10/2020,BRROJ Ford,Norfolk Southern Derailment,BR21-0112,1/25/2021,381,Water,VWPP,,,2021-BRRO-0001,Consent Order,Pending Consent,,1/25/2021,BRROJ Ford,Pamplin Solar,BR21-0315,3/12/2021,335,Water,VPDES,,VAR10M363,NOV-21-02-BRRO-002,Consent Order,Pending Consent,,3/12/2021,BRROJ Ford,Virginia Transformer Corp.,BR21-0326,3/24/2021,323,Air,Air,21572,,ABRRO001710,Consent Order,Pending Consent,"05/26/21 - RP requested response extension to 06/09/21 due to travel plans.
05/19/2021-RP responded to NOV and will follow-up with formal response NLT 06/02/21.",3/24/2021,BRROJ Ford,WestRock Virginia Corp. Covington Plant,BR21-0603,6/3/2021,252,Air,Air,20328,,ABRRO001850,Consent Order,Pending Consent,"06/22/21 - Call w/RP; RP will submit comprehensive written response NLT 07/05/21.
06/15/21 - RP initial response to NOV.",6/3/2021,BRROJ Ford,Trivium Packaging USA Inc.,BR21-0609,6/23/2021,232,Waste,Hazardous Waste,VAR000527853,,NOV-21-05-BRRO-003,Consent Order,Pending Consent,07/14/2021 - RP responded to NOV and will contact DEQ the first week of August to arrange a call to discuss NOV and violations.,6/23/2021,BRROJ Ford,Atkins Masonry,BR21-0704,7/1/2021,224,Water,VPDES,,,NOV-21-06-BRRO-001,Consent Order,Pending Consent,"08/31/21-Call w/RP to discuss progress (none) & call w/site designer, Edward Design; designer will facilitate conversation with site engineer IRT necessary items to be completed (storm water management & nutrient credit) and report back to me.
07/01/21-Call w/RP to discuss the NOV and a path forward.  Will follow-up in Aug 2021.",7/1/2021,BRROJ Ford,Radford Army Ammunition Plant,BR21-0901,8/27/2021,167,Water,VPDES,,VA0000248,W2021-08-B-0003,Informal RTC,Pending,,8/27/2021,BRROJ Ford,Dominion - Altavista Power Station,BR21-0825,8/31/2021,163,Air,Air,30859,,ABRRO001930,Consent Order,Pending Consent,,8/31/2021,BRROJ Ford,KTI LTD Facility,BR21-1208,12/10/2021,62,Water,PReP,,,NOV-21-12-BRRO-001,Consent Order,Pending Consent,12/05/21-RP responded to NOV; put in touch with water permit staff to address and resolve permit issue with facility.,12/10/2021,BRROJ Ford,Huber Engineered Woods,BR22-0104,1/10/2022,31,Air,Air,30905,,ABRRO002000,Consent Order,Pending Consent,01/24/22 - CC w/RP; RP will submit comprehensive response to NOV NLT 02/10/22.,1/10/2022,BRROK Nicholas,,,,,,,,,,,,,,K Nicholas,,1,,,,,,,,,,,,K Nicholas,Dynax America Corporation,BR19-1019,10/10/2019,854,Air,Air,21279,,ABRRO001325,Consent Order,Pending Consent,"Case transferred to CO for processing on 12/20/2021.
***** Last Updated 8/12/21 ***** TV HPV Priority
8/12/21 - OBC needs drafting w/ civil charge & injunctive relief
3/03/21  - Followed-up w/ Kerri/DOE - emailed CAP for review 
12/16/20 - Rec'd Margaret's comments on CAP - discussed w/ Nelson - forward to Kerri/DOE for comment
12/15/20 - Rec'd CAP as requested from Peter Ozoh - reviewed & forwarded to Margaret & Tim/BRRO for add'l review & comment
12/09/20 - Rec'd email from Al Cole/Trinity requesting clarification on NOVs to be address w/ proposed EA
12/08/20 - Rec'd email from Al Cole/Tritinit Consultants re CAP
11/23/20 - Received email from Peter Ozoh re CAP status - 60% complete
10/30/20 - Returned Peter Ozoh's call re CAP & work performed to-date for inclusion in OBC
10/30/20 -Emailed Peter Ozoh to request submission of a CAP to address violations & RTC 
9/23/20 - Status updated to HPV per request from KLN - last violation classified as HPV
6/10/20 - Held Google Meet w/ Dynax & Trinity Environmental to discuss 3 NOVs & proposed EA
5/26/20 - Rec'd voicemail from Peter Ozoh requesting meeting postponement
5/15/20 - Rec'd email from Peter Ozoh requesting enforcement meeting - schedule teleconference week of 5/25
5/15/20 - Rec'd response from Peter Ozoh via voicemail message for NOV issued 4/30/20
4/17/20 - Compliance issued WL for late submittal of 2019 Annual Catalyst Activity Report 
4/07/20 - Rec'd email from Tim/Compliance re Dynax failed stack test & 2019 HCl violation - to be added to draft OBC
11/15/19 - Held enforcement meeting w/ reps from Dynax & Trinity",10/10/2019,BRROM Callahan,,,,,,,,,,,,,,M Callahan,,3,,,,,,,,,,,,M Callahan,Wolverine Advanced Materials - Main Plant,BR19-0649,6/21/2019,965,Waste,Hazardous Waste,VAD065408692,,NOV-19-06-BRRO-001,Consent Order,Pending Consent,"11/12/21- Call w/ Jim Ketterer- Sent NOVs-Response to Novs due 1/15/22
3/31/20 - Reviewed current status of ERP/OBC w/ Justin/DOE
3/27/20 - Drafting ERP/OBC
8/09/19 - Enforcement meeting held at Main Facility w/ Matt Ledford 8/9/19
6/25/19 - Deficiencies include accumulation, labelling, records & training. Containers in SAA not properly closed.",6/21/2019,BRROM Callahan,Wolverine Advanced Materials - Cedar Run Plant,BR19-0650,6/21/2019,965,Waste,Hazardous Waste,VAR000001677,,NOV-19-06-BRRO-002,Consent Order,Pending Consent,"11/12/21- Call w/ Jim Ketterer- Sent NOVs-Response to Novs due 1/15/22
3/31/20 - Reviewed current status of ERP/OBC w/ Justin/DOE
3/27/20 - Drafting ERP/OBC
8/09/19 - Enforcement meeting held at Main Plant w/ Matt Ledford on 8/9/19.
6/25/19 - Deficiencies include accumulation, closure, labelling, records, and training.",6/21/2019,BRROM Callahan,Sandstone Quick Mart,BR20-0126,1/10/2020,762,Water,UST,2020003,,TBRRO262036,Consent Order,Pending Consent,"2/24/21 - Called Mr. Patel for update - issues unresolved
8/27/21 - UnresponsiveRP - need to drafting QCSO/CCW/Analysis
12/16/21-Sent Draft CO to RP and Registered Agent
1/18/22-Spoke RA Office confirmed RP recvd Order, RA provided RP list of Atty
1/21/22-Sent 10 Day Response Notice Letter to RP and RA",1/10/2020,BRROT Fletcher,,,,,,,,,,,,,,T Fletcher,,22,,,,,,,,,,,,T Fletcher,"A. C. Furniture Company, Inc.",BR17-0902,8/31/2017,1624,Waste,Hazardous Waste,VAD988212700,,17-07-BRRO-002,Consent Order,Pending Consent,"IR 2017-W-3384 SW & Haz waste 9/5/17-call from RP attorney/Dan Summerlin 540-983-7546. Plan to use a consultant (Scott Perkins) to eval site.  12/12/17-call w/ D.S-he will send consultant's report. 2/20/18-email to D.S. inquiring about meeting. 3/19/18-meeting w/ Perkins & Summerlin - they said they'd send site eval plan & documentation of HW RTC w/in a few weeks. 5/22/18-email to D.S. requesting update. 5/31/18-response says will send plan soon. 6/1/18-plan received.7/17/18-call with Scott Perkins-discussed plan; 10/23/18-revisions received. 12/11/18-sent email to Perkins requesting update. 3/6/19-Perkins said investigation report will be done next week. 4/10/19-recv'd investigation report.  4/25/19-ERP & order to Nelson. 5/22/19 ERP & order approved. 5/28/19-draft CO to RP. 5/28/19-RCRAInfo 208 form sent. 6/25/19-meeting @10am; 6/28/19- rev'sd order sent. 7/2/19-email inquiry to Dan S. asking for response to rev'sd draft order-responded with no more changes. 7/5/19-inquiry from AC re App A; 7/30/19-left vm for consultant re inquiry. 7/31/19-vm from C.Marsh-order expected to be signed 8/2/19. 8/1/19-mtg w/ C.Marsh to discuss cover requirements. 8/2/19-RJ Lackey requested ABLE analysis. 8/5/19-ABLE request form sent to Leslie Beckwith.  9/17/19-discussed ABLE app w/Josiah-told him compliance is a priority over civil charge in ABLE analysis & that we could extend closure period if necessary based on analysis results. 10/7/19-ABLE & beyond ABLE analysis memo.  10/8/19-revised ERP to Justin-approved same day.  10/17-19-revised ERP approved.  10/17/19-revised order w/o civil charge sent to RJ Lackey. Email response from Lackey indicates that company may need to extend closure completion deadline later than August 31, 2020. 5/21/20-called-company filed bankruptcy Feb2020. Facility was purchased by Ison Furniture. Waste area side not purchased and under bankruptcy trustee.",8/31/2017,BRROT Fletcher,OmniSource Industrial Landfill,BR19-0270,2/8/2019,1098,Waste,Multimedia,,SWP 552,NOV-19-02-BRRO-001,Consent Order,Pending Consent,"Email response to NOV 2/18/19. Meeting 3/5/19. Draft ERP: comments by Nicole on 3/6/19; sent to Justin 3/6/19 - concurrence 3/13/19; sent to Nelson for review & approval 3/13/19.  Draft order sent to Nicole 3/7/19. ERP approved 3/19/19. Followup to Nicole 4/9/19.  5/14/19 meeting with Becky, Nicole, Jenny.  Sent draft order for comment to Becky, Nicole, Jenny on 5/14/19 & made suggested change on 5/14/19 & sent to Nelson for review and approval; approved 5/22/19. Draft CO sent to RP 5/28/19. Followup phone call 6/18/19.Meeting 6/27/19.  Revised draft order sent 6/27/19 with civil charge offer of $28,245.00.  Meeting 8/6/19 - discussed SEP & agreed to wait 30 days for SEP proposal.  Sent email with mtg summary to Omnisource on 8/6/19. Received SEP proposals 9/10/19; left voicemail for James Winegar on 9/17/19 to say that none of the proposals seem approvable & invited him to submit any additional proposals they may have. Phone conversation with James Winegar (919-796-3023 mobile) on 9/24/19 - explained why SEP proposals are not acceptable. Discussed potential SEP for Omnisource funding County-led cleanup of abandoned site - he will get back with me next week on this.  Voicemail on 10/4/19 says company has preliminary management approval for SEP concept & is talking with County & will get back to me in a week. Email followup to Winegar 10/16/19.  10/24/19 email from Winegar says Rocky Mt. may have abandoned sites to propose. 5/21/19-Tim Fletcher called Winegar to follow up on SEP-left message. 5/28/19-call from James Winegar. No SEP selected. 6/4/20-J Winegar submitted compliance docs. No SEP selected as of 11/18/2020. 12/4/20 Draft ERP/PenCalcs/CSO to Nelson for review. 2/16/21: Draft ERP and CSO approved. 2/17/21: CSO emailed to James Winegar. 3/18/21: Revised CSO (no SEP) sent for review.",2/8/2019,BRROT Fletcher,Double Envelope Company,BR20-0308,3/11/2020,701,Air,Air,20019,20019,ABRRO001441,Consent Order,Pending Consent,3/11/20: NOV issued. 3/18/20: Mark Pinkard responded to NOV and held conference call. 3/18/20: Mark emailed records for review. 4/6/20: Mark emailed records for review. 4/22/20: DEQ inspection staff reviewed submitted records and determined compliance has been achieved. 7/22/20: Enf docs to Kerri Nicholas for review. 7/30/20: Enf docs back from Kerri Nicholas to Tim Fletcher. 11/19/20: Revised enf docs to Nelson for review. 3/11/21: Kerri and Nelson have reviewed and approved ERP. Need to revise and submit draft CSO for review.,3/11/2020,BRROT Fletcher,Timberlake Citgo (Sentry food Mart #40),BR20-0402,4/2/2020,679,Water,UST,7021773,,TBRRO267856,Consent Order,Pending Consent,"10/21/2020: Called Mr. Nawaz (571-232-3828)  to let him know Quick CSO is going to be sent to him. Email is nawaz.law@gmail.com and mailing address is 42395 Ryan Rd. #112-618, Ashburn, VA 20148. Google returns this as box #618 at the UPS Store. CSO to Mahmood Nawaz by email 11/4/20 and mail 11/5/20. No response as of 12/4/20. Draft Referral for APA Action to Nelson for review 12/4/20. 11/4/2021: UST inspection. 11/16/21: NOV #2 issued.",4/2/2020,BRROT Fletcher,The Rusty Hinge,BR20-0510,5/21/2020,630,Water,UST,2000776,,TBRRO266157,Consent Order,Pending Consent,6/16/20:Draft ERP and Pen Calcs to Nelson for review. 6/23/20:Spoke with D. Patadia. Rick Trogdon to submit records resolving compliance issues. 7/7/20;Emailed D Patadia about not receiving compliance records. 7/22/20: Compliance records received from Rick Trogdon.10/21/20:Draft QCSO to Nelson for review. 11/5/20: Draft std Pen Calc wksht sent to Nelson for clarity on QCSO.,5/21/2020,BRROT Fletcher,Town of Christiansburg WWTP,BR20-0672,6/3/2020,617,Waste,VPDES,,VA0061751,W2020-05-B-0004,Consent Order,Pending Consent,"6/3/20:NOV issued. 7/27/20:Draft ERP and Pen Calcs to Nelson for review. 10/14/20:Updated NOV with more SSOs issued. 9/29/21: Lawrence Hoffman responded to NOVs indicating that Christiansburg did not receive them. 10/12/21: Conf. call between Christiansburg, CHA, and DEQ. 12/17/21: Revised enf. docs to Nelson for review. 1/7/22: NOV with more SSOs issued.",6/3/2020,BRROT Fletcher,Lhoist North America,BR20-1011,10/15/2020,483,Water,VPDES,,VA0000523,W2020-09-B-001,Consent Order,Pending Consent,11/11/20: Jeff Pack NOV response email. 12/16/20:Draft ERP and Pen Calcs to Nelson.,10/15/2020,BRROT Fletcher,Peters Mountain Landfill,BR20-1110,11/17/2020,450,Waste,Solid Waste,,594,NOV-20-11-BRRO-001,Consent Order,Pending Consent,12/7/20:Contacted by RP to schedule conf. call. 12/09/20:RP response to NOV submitted. 12/17/20:Conf. call with RP. 1/19/21: Draft ERP and Pen Calcs to Nelson. 1/21/21: Email from Mark Popovich. 1/26/21: Email response to Mark Popovich. 3/31/21: Temp authorization for daily waste increase issued. 8/20/2021: NOV-21-08-BRRO-001 issued for separate issues. 8/31/2021: Conf. call held with RP.,11/17/2020,BRROT Fletcher,"Mid-Atlantic Printers, Ltd.",BR20-1204,12/7/2020,430,Waste,Hazardous Waste,,VAR000512756,NOV-20-11-BRRO-003,Consent Order,Pending Consent,1/26/21: Called Jason Edwards (434-369-6633 x122). Left message to call me. 2/16/21: Spoke with Jason. Said he'd send compliance records on 2/17. 2/22/21: Nothing received from RP. Draft ERP/Pen Calcs sent to Nelson for review.,12/7/2020,BRROT Fletcher,Sky Mart #7,BR21-0104,1/12/2021,394,Water,UST,2002343,,TBRRO284157,Consent Order,Pending Consent,2/17/21: Spoke with Dhiren Muni. Said he'd send SIR reports on 2/22. Followed up with email. 2/23/21: Muni csent in SIR records for Tanks 4 and 5. Emailed him and asked him for SIR records for prior months. No response has been received since the initial SIR reports submitted. LOA drafted for review 6/24/2021.,1/12/2021,BRROT Fletcher,Staunton River Lagoon,BR21-0205,2/3/2021,372,Water,VPDES,,VA0022241,W2020-12-B-0001,Consent Order,Pending Consent,"4/29/2021: No response from RP. Mark Coppage recommends calling Clay Samples, Water Plant Superintendent. 434-579-2564. 7/15/2021: Phone call with Clay Samples. 7/16/2021: Draft LOA sent to Nelson for review. Drafting CSO with App A to resolve compliance issues. 9/20/2021: Email to Mr. Crews about compliance plan. 11/5/2021: Emailed Mr. Crews again about compliance plan for lagoon. 12/8/2021: NOV W2021-11-B-0001 issued to Town of Brookneal. 1/7/2022: NOV W2021-12-B-0003 issued to Town of Brookneal. 12/2/2021: RP sent a letter stating that they've figured out how to release without triggering TSS issues. 1/24/2022: RP sent a letter stating tht they're going to use barley straw to control algae growth.",2/3/2021,BRROT Fletcher,"Corner Mart Fincastle, Inc.",BR21-0307,3/3/2021,344,Water,UST,2009240,,TBRR0292756,Consent Order,Pending Consent,3/10/21: Sam Patel called to set up call with Dan (Dharmendra) his father. 3/16/21: Call with Dan and Sam Patel. Sent some compliance records.,3/3/2021,BRROT Fletcher,Quickette 4,BR21-0304,3/3/2021,344,Water,UST,2018301,,TBRR0291136,Consent Order,Pending Consent,3/10/21: Sam Patel called to set up call with Dan (Dharmendra) his father. 3/16/21: Call with Dan and Sam Patel. Sent some compliance records. 3/17/21: More compliance records received. Nicole McFaden confirmed that the RD compliance portion was resolved. 3/25/21: More records submitted through VITAShare. 9/23/2021: Tim Petrie formal inspection of site. RCA issued at inspection.,3/3/2021,BRROT Fletcher,Old Mill Country Store,BR21-0308,3/3/2021,344,Water,UST,2016626,,TBRRO292316,Consent Order,Pending Consent,3/10/21: Sam Patel called to set up call with Dan (Dharmendra) his father. Will email me with proposed time/date.,3/3/2021,BRROT Fletcher,Morgan Lumber Company,BR21-0408,4/9/2021,307,Water,VPDES,,,21-04-BRRO-001,Consent Order,Pending Consent,4/12/21: Email from John Morgan responding to NOV. Has installed silt fence and working on sed. basin. Hired Shane Foushee to draft plans.,4/9/2021,BRROT Fletcher,Central Oil and Asphalt Bulk Plant,BR21-0511,5/14/2021,272,Water,Oil Spill,2032054,,NOV-20-10-BRRO-001,Consent Order,Pending Consent,6/21/2021: Conf. call with Chales Williams/Gentry Locke and Michael Deneka. Need to proceed with Ability to Pay.,5/14/2021,BRROT Fletcher,Maple Avenue WWTP,BR21-0705,6/22/2021,233,Water,VPDES,,VA0020362,W2021-06-B-0001,Consent Order,Pending Consent,,6/22/2021,BRROT Fletcher,Morgan Lumber Company,BR21-0706,7/1/2021,224,Water,VWPP,,VWP NP 21-001128,NOV-21-05-BRRO-002,Consent Order,Pending Consent,,7/1/2021,BRROT Fletcher,The Entwistle Company,BR21-0818,8/12/2021,182,Waste,Hazardous Waste,,VAD051105674,NOV-21-08-BRRO-002,Consent Order,Pending Consent,,8/12/2021,BRROT Fletcher,"Swing Transport, Inc.",BR21-0910,9/10/2021,153,Water,VPDES,,VAR051747,W2021-08-B-0002,Consent Order,Pending Consent,"10/18/21: Emailed Ronnie Wilson, Swing Pres. Brad Durham called and left message. Called him back. Brad thinks that their contractor, James Environmental, has changed their DMR process and they now put them on a server for his review/approval before submitting to the DEQ. 10/25/2021: eDMRs submitted for review.",9/10/2021,BRROT Fletcher,Iseman Country Store,BR21-1009,10/28/2021,105,Water,UST,7036875,,TBRRO312018,Consent Order,Pending Consent,11/22/2021: Frank Cappiello called and left a message. 12/2/21: Spoke with Mr. Cappiello on the phone. He plans to look into permantly closing the USTs.,10/28/2021,BRROT Fletcher,Virginia Polytechnic Institute and State University,BR22-0109,1/14/2022,27,Air,Air,,20124,ABRRO002014,Consent Order,Pending Consent,,1/14/2022,BRRO,,,,,,,,,,,,,,,,,,,,,,,,,,,,
